-- phpMyAdmin SQL Dump
-- version 4.8.3
-- https://www.phpmyadmin.net/
--
-- Host: 127.0.0.1
-- Generation Time: May 22, 2020 at 10:55 AM
-- Server version: 10.1.37-MariaDB
-- PHP Version: 7.2.12

SET SQL_MODE = "NO_AUTO_VALUE_ON_ZERO";
SET AUTOCOMMIT = 0;
START TRANSACTION;
SET time_zone = "+00:00";


/*!40101 SET @OLD_CHARACTER_SET_CLIENT=@@CHARACTER_SET_CLIENT */;
/*!40101 SET @OLD_CHARACTER_SET_RESULTS=@@CHARACTER_SET_RESULTS */;
/*!40101 SET @OLD_COLLATION_CONNECTION=@@COLLATION_CONNECTION */;
/*!40101 SET NAMES utf8mb4 */;

--
-- Database: `school`
--

-- --------------------------------------------------------

--
-- Table structure for table `admin`
--

CREATE TABLE `admin` (
  `id` int(11) NOT NULL,
  `username` varchar(255) NOT NULL,
  `password` varchar(255) NOT NULL,
  `creationDate` timestamp NOT NULL DEFAULT CURRENT_TIMESTAMP,
  `updationDate` varchar(255) NOT NULL
) ENGINE=InnoDB DEFAULT CHARSET=latin1;

--
-- Dumping data for table `admin`
--

INSERT INTO `admin` (`id`, `username`, `password`, `creationDate`, `updationDate`) VALUES
(1, 'admin', '827ccb0eea8a706c4c34a16891f84e7b', '2019-12-19 22:21:18', '2020-04-15 23:31:16');

-- --------------------------------------------------------

--
-- Table structure for table `class`
--

CREATE TABLE `class` (
  `id` int(11) NOT NULL,
  `name` varchar(200) NOT NULL
) ENGINE=InnoDB DEFAULT CHARSET=latin1;

--
-- Dumping data for table `class`
--

INSERT INTO `class` (`id`, `name`) VALUES
(1, '1'),
(2, '2'),
(3, '3'),
(4, '4'),
(5, '5'),
(6, '6'),
(7, '7'),
(8, '8'),
(9, '9'),
(10, '10');

-- --------------------------------------------------------

--
-- Table structure for table `contact`
--

CREATE TABLE `contact` (
  `id` int(11) NOT NULL,
  `first_name` varchar(200) NOT NULL,
  `last_name` varchar(200) NOT NULL,
  `email` varchar(250) NOT NULL,
  `message` varchar(1024) NOT NULL,
  `send_date` timestamp NOT NULL DEFAULT CURRENT_TIMESTAMP ON UPDATE CURRENT_TIMESTAMP
) ENGINE=InnoDB DEFAULT CHARSET=latin1;

--
-- Dumping data for table `contact`
--

INSERT INTO `contact` (`id`, `first_name`, `last_name`, `email`, `message`, `send_date`) VALUES
(4, 'Mohammad', 'Shahabuddin', 'shahabuddin650@gmail.com', 'Lorem ipsum dolor sit amet, consectetur adipisicing elit. Nemo assumenda, dolorum necessitatibus eius earum voluptates sed!', '2020-04-13 16:23:21');

-- --------------------------------------------------------

--
-- Table structure for table `facilities`
--

CREATE TABLE `facilities` (
  `id` int(11) NOT NULL,
  `icon` varchar(250) NOT NULL,
  `heading` varchar(250) NOT NULL,
  `text` varchar(250) NOT NULL,
  `class` varchar(200) NOT NULL
) ENGINE=InnoDB DEFAULT CHARSET=latin1;

--
-- Dumping data for table `facilities`
--

INSERT INTO `facilities` (`id`, `icon`, `heading`, `text`, `class`) VALUES
(1, '<span class=\"icon-home\"></span>', 'Indoor Games', 'Lorem ipsum dolor sit amet, consectetur adipisicing elit. Minima nesciunt, mollitia, hic enim id culpa.', 'red'),
(2, '<span class=\"icon-person\"></span>', 'Outdoor Game And Event', 'Lorem ipsum dolor sit amet, consectetur adipisicing elit. Minima nesciunt, mollitia, hic enim id culpa.', 'yellow'),
(3, '<span class=\"icon-cog\"></span>', 'Camping for Kids', 'Lorem ipsum dolor sit amet, consectetur adipisicing elit. Minima nesciunt, mollitia, hic enim id culpa.', 'teal');

-- --------------------------------------------------------

--
-- Table structure for table `fees`
--

CREATE TABLE `fees` (
  `id` int(11) NOT NULL,
  `class_id` int(11) NOT NULL,
  `amount` int(11) NOT NULL
) ENGINE=InnoDB DEFAULT CHARSET=latin1;

--
-- Dumping data for table `fees`
--

INSERT INTO `fees` (`id`, `class_id`, `amount`) VALUES
(1, 1, 200),
(2, 2, 250),
(3, 3, 300),
(4, 4, 350),
(5, 5, 400),
(6, 6, 450),
(7, 7, 500),
(8, 8, 550),
(9, 9, 600),
(10, 10, 600);

-- --------------------------------------------------------

--
-- Table structure for table `gallery`
--

CREATE TABLE `gallery` (
  `id` int(11) NOT NULL,
  `img_1` text NOT NULL,
  `img_2` text NOT NULL
) ENGINE=InnoDB DEFAULT CHARSET=latin1;

--
-- Dumping data for table `gallery`
--

INSERT INTO `gallery` (`id`, `img_1`, `img_2`) VALUES
(1, 'img_1.jpg', 'img_1.jpg'),
(2, 'img_2.jpg', 'img_2.jpg'),
(3, 'img_3.jpg', 'img_3.jpg'),
(4, 'img_4.jpg', 'img_4.jpg'),
(5, 'img_5.jpg', 'img_5.jpg');

-- --------------------------------------------------------

--
-- Table structure for table `months`
--

CREATE TABLE `months` (
  `id` int(11) NOT NULL,
  `name` varchar(200) NOT NULL
) ENGINE=InnoDB DEFAULT CHARSET=latin1;

--
-- Dumping data for table `months`
--

INSERT INTO `months` (`id`, `name`) VALUES
(1, 'January'),
(2, 'February'),
(3, 'March'),
(4, 'April'),
(5, ' May'),
(6, 'June'),
(7, 'July'),
(8, 'August'),
(9, 'September'),
(10, 'October'),
(11, 'November'),
(12, 'December');

-- --------------------------------------------------------

--
-- Table structure for table `payment`
--

CREATE TABLE `payment` (
  `id` int(11) NOT NULL,
  `username` varchar(200) NOT NULL,
  `month` varchar(200) NOT NULL,
  `amount` int(11) NOT NULL,
  `fine` int(11) NOT NULL,
  `total` int(11) NOT NULL,
  `due` int(11) NOT NULL,
  `method` varchar(200) NOT NULL,
  `status` varchar(200) NOT NULL,
  `date` timestamp NOT NULL DEFAULT CURRENT_TIMESTAMP ON UPDATE CURRENT_TIMESTAMP
) ENGINE=InnoDB DEFAULT CHARSET=latin1;

--
-- Dumping data for table `payment`
--

INSERT INTO `payment` (`id`, `username`, `month`, `amount`, `fine`, `total`, `due`, `method`, `status`, `date`) VALUES
(20, 'nisha', ' May', 600, 100, 700, 0, 'Bkash', 'successful', '2020-05-22 08:43:57');

-- --------------------------------------------------------

--
-- Table structure for table `section`
--

CREATE TABLE `section` (
  `id` int(11) NOT NULL,
  `name` varchar(200) NOT NULL
) ENGINE=InnoDB DEFAULT CHARSET=latin1;

--
-- Dumping data for table `section`
--

INSERT INTO `section` (`id`, `name`) VALUES
(1, 'A'),
(2, 'B'),
(3, 'C');

-- --------------------------------------------------------

--
-- Table structure for table `student`
--

CREATE TABLE `student` (
  `id` int(11) NOT NULL,
  `username` varchar(200) NOT NULL,
  `name` varchar(200) NOT NULL,
  `guardian` varchar(200) NOT NULL,
  `class` int(11) NOT NULL,
  `section` varchar(200) NOT NULL,
  `roll` int(11) NOT NULL,
  `email` varchar(200) NOT NULL,
  `password` varchar(200) NOT NULL,
  `date` timestamp NOT NULL DEFAULT CURRENT_TIMESTAMP ON UPDATE CURRENT_TIMESTAMP
) ENGINE=InnoDB DEFAULT CHARSET=latin1;

--
-- Dumping data for table `student`
--

INSERT INTO `student` (`id`, `username`, `name`, `guardian`, `class`, `section`, `roll`, `email`, `password`, `date`) VALUES
(8, 'nisha', 'nelima', 'Rawnat anika', 6, 'A', 4, 'nisha@gmail.com', 'e2fc714c4727ee9395f324cd2e7f331f', '2020-05-17 06:50:53');

-- --------------------------------------------------------

--
-- Table structure for table `teacher`
--

CREATE TABLE `teacher` (
  `id` int(11) NOT NULL,
  `name` varchar(200) NOT NULL,
  `subject` varchar(200) NOT NULL,
  `image` text NOT NULL,
  `text` varchar(200) NOT NULL,
  `class` varchar(200) NOT NULL
) ENGINE=InnoDB DEFAULT CHARSET=latin1;

--
-- Dumping data for table `teacher`
--

INSERT INTO `teacher` (`id`, `name`, `subject`, `image`, `text`, `class`) VALUES
(7, 'Rawnat Anika', 'English', 'person_3.jpg', 'Lorem ipsum dolor sit amet, consectetur adipisicing elit. Ipsa, sapiente.', 'red'),
(8, 'Nelima Nisha ', 'Bangla', 'person_2.jpg', 'Lorem ipsum dolor sit amet, consectetur adipisicing elit. Ipsa, sapiente.', 'yellow'),
(9, 'Nelima Nisha ', 'Bangla', 'person_2.jpg', 'Lorem ipsum dolor sit amet, consectetur adipisicing elit. Ipsa, sapiente.', 'yellow');

--
-- Indexes for dumped tables
--

--
-- Indexes for table `admin`
--
ALTER TABLE `admin`
  ADD PRIMARY KEY (`id`);

--
-- Indexes for table `class`
--
ALTER TABLE `class`
  ADD PRIMARY KEY (`id`);

--
-- Indexes for table `contact`
--
ALTER TABLE `contact`
  ADD PRIMARY KEY (`id`);

--
-- Indexes for table `facilities`
--
ALTER TABLE `facilities`
  ADD PRIMARY KEY (`id`);

--
-- Indexes for table `fees`
--
ALTER TABLE `fees`
  ADD PRIMARY KEY (`id`);

--
-- Indexes for table `gallery`
--
ALTER TABLE `gallery`
  ADD PRIMARY KEY (`id`);

--
-- Indexes for table `months`
--
ALTER TABLE `months`
  ADD PRIMARY KEY (`id`);

--
-- Indexes for table `payment`
--
ALTER TABLE `payment`
  ADD PRIMARY KEY (`id`);

--
-- Indexes for table `section`
--
ALTER TABLE `section`
  ADD PRIMARY KEY (`id`);

--
-- Indexes for table `student`
--
ALTER TABLE `student`
  ADD PRIMARY KEY (`id`),
  ADD UNIQUE KEY `username` (`username`);

--
-- Indexes for table `teacher`
--
ALTER TABLE `teacher`
  ADD PRIMARY KEY (`id`);

--
-- AUTO_INCREMENT for dumped tables
--

--
-- AUTO_INCREMENT for table `admin`
--
ALTER TABLE `admin`
  MODIFY `id` int(11) NOT NULL AUTO_INCREMENT, AUTO_INCREMENT=2;

--
-- AUTO_INCREMENT for table `class`
--
ALTER TABLE `class`
  MODIFY `id` int(11) NOT NULL AUTO_INCREMENT, AUTO_INCREMENT=11;

--
-- AUTO_INCREMENT for table `contact`
--
ALTER TABLE `contact`
  MODIFY `id` int(11) NOT NULL AUTO_INCREMENT, AUTO_INCREMENT=5;

--
-- AUTO_INCREMENT for table `facilities`
--
ALTER TABLE `facilities`
  MODIFY `id` int(11) NOT NULL AUTO_INCREMENT, AUTO_INCREMENT=4;

--
-- AUTO_INCREMENT for table `fees`
--
ALTER TABLE `fees`
  MODIFY `id` int(11) NOT NULL AUTO_INCREMENT, AUTO_INCREMENT=11;

--
-- AUTO_INCREMENT for table `gallery`
--
ALTER TABLE `gallery`
  MODIFY `id` int(11) NOT NULL AUTO_INCREMENT, AUTO_INCREMENT=6;

--
-- AUTO_INCREMENT for table `months`
--
ALTER TABLE `months`
  MODIFY `id` int(11) NOT NULL AUTO_INCREMENT, AUTO_INCREMENT=13;

--
-- AUTO_INCREMENT for table `payment`
--
ALTER TABLE `payment`
  MODIFY `id` int(11) NOT NULL AUTO_INCREMENT, AUTO_INCREMENT=21;

--
-- AUTO_INCREMENT for table `section`
--
ALTER TABLE `section`
  MODIFY `id` int(11) NOT NULL AUTO_INCREMENT, AUTO_INCREMENT=4;

--
-- AUTO_INCREMENT for table `student`
--
ALTER TABLE `student`
  MODIFY `id` int(11) NOT NULL AUTO_INCREMENT, AUTO_INCREMENT=9;

--
-- AUTO_INCREMENT for table `teacher`
--
ALTER TABLE `teacher`
  MODIFY `id` int(11) NOT NULL AUTO_INCREMENT, AUTO_INCREMENT=10;
COMMIT;

/*!40101 SET CHARACTER_SET_CLIENT=@OLD_CHARACTER_SET_CLIENT */;
/*!40101 SET CHARACTER_SET_RESULTS=@OLD_CHARACTER_SET_RESULTS */;
/*!40101 SET COLLATION_CONNECTION=@OLD_COLLATION_CONNECTION */;
